{
  "algorithm": "SAM",
  "rho": 0.05,
  "steps": 5000,
  "target_acc": 0.966796875,
  "avg_source_acc": 0.9710144846299912,
  "worst_source_acc": 0.9463414634146341,
  "worst_source_domain": "Art",
  "env0_acc": 0.9463414634146341,
  "env1_acc": 0.9786780383795309,
  "env2_acc": 0.9880239520958084,
  "generalization_gap": 0.004217609629991181
}